{"cameraMode":{"drawMode":0,"name":"Shaded","section":"Shading Mode"},"sceneLighting":false,"audioPlay":false,"sceneViewState":{"showFog":false,"showMaterialUpdate":false,"showSkybox":false,"showFlares":false,"showImageEffects":false,"showParticleSystems":false},"in2DMode":false,"pivot":{"x":-0.9026580452919006,"y":0.0415421724319458,"z":6.199129104614258},"rotation":{"x":0.005955872125923634,"y":0.13549096882343293,"z":0.000731648993678391,"w":-0.9907916784286499},"size":22.0,"orthographic":false}