{"cameraMode":{"drawMode":0,"name":"Shaded","section":"Shading Mode"},"sceneLighting":false,"audioPlay":false,"sceneViewState":{"showFog":false,"showMaterialUpdate":false,"showSkybox":false,"showFlares":false,"showImageEffects":false,"showParticleSystems":false},"in2DMode":false,"pivot":{"x":579.4010009765625,"y":283.0322265625,"z":22.54931640625},"rotation":{"x":0.02999466098845005,"y":-0.0074966042302548889,"z":0.00022496332530863583,"w":0.9995222091674805},"size":714.505859375,"orthographic":false}